Article Topic,Master Keyword,Master Keyword Volume,Master Keyword SEO Difficulty,Secondary Keywords,Secondary Keyword Count,Total Cluster Volume
Facebook Ads for Vacation Rentals,nola vacation rentals,2900,24,pcb vacation rentals; pocono vacation rentals; tahoe vacation rentals; marco vacation rentals; brett robinson vacation rentals gulf shores al; vacation rentals in tahoe; vacation rentals management; red rock vacation rentals; vacation rentals in pr; vacation rentals st augustine; vacation rentals in puerto rico; st augustine vacation rentals; vacation rentals in st lucia; sea ranch vacation rentals; mi vacation rentals; vacation rentals management companies; homeaway vacation rentals; townsend vacation rentals; vacation rentals company; indian rocks vacation rentals; vacation rentals in vegas; ruidoso vacation rentals; surf city vacation rentals; vacation rentals companies; vacation rentals in townsend,183,191570
Airbnb Customer Service & Contact,airbnb host support,1000,29,airbnb customer services; customer service number airbnb; service clients airbnb; contact with airbnb; airbnb contact number customer service; airbnb how to contact; call airbnb customer support; contacting airbnb by phone; contact airbnb phone number; airbnb hosting support; airbnb inc phone number; phone contact for airbnb; how can you contact airbnb; airbnb hosting service; airbnb chat support; airbnb hosting customer service; airbnb host customer service; airbnb customer service for hosts; airbnb customer service for host; airbnb support call; call airbnb customer service; airbnb customer service hours; how to contact airbnb support; airbnb contact by phone; airbnb customer support number,84,147700
Vacation Rental Marketing (Complete Guide),advertise vacation rental,210,15,vacation rental pcb; cape coral vacation rental homes; vacation property rental management; vacation rental tahoe; vacation home rental websites; property management vacation rental; vacation rental management; vacation house rental website; manage vacation rental; rental websites vacation; vacation rental st augustine; vacation rental management companies; vacation rental agencies; vacation rental company; vacation rental companies; vacation rental surf city; vacation rental atlanta; vacation rental la; santa fe vacation rental homes; big sky vacation rental; vacation rental market; vacation rental markets; short term vacation rental; rockport vacation rental; vacation rental stowe vt,187,129720
General: Airbnb Related Topics,airbnb similar pages,5400,28,airbnb experiences; airbnb alternative sites; airbnb similar sites; airbnb related sites; airbnb like site; airbnb and similar sites; airbnb competitor; airbnb superhosts; airbnb apps like; airbnb competition; airbnb competitors; airbnb numbers; airbnb advertising; airbnb norfolk va; airbnb companies; airbnb in plano; airbnb dna; airbnb analyzer; airbnb definition; airbnb requirement; airbnb cost; airbnb rules; airbnb katy tx; airbnb starting; airbnb topeka ks,239,125010
Miscellaneous STR Topics,get in touch with airbnb,2400,30,experience airbnb; sites better than airbnb; sites like airbnb; similar airbnb; define str; manage airbnb properties; competitor of airbnb; competitors of airbnb; competitors airbnb; apps like airbnb; st augustine holiday rentals; companies that manage airbnb; managing short term rentals; websites like airbnb; site like airbnb; short-term rental managers; mcallen tx airbnb; taxation of airbnb; poipu cottage rentals; foley al airbnb; katy airbnb; cheyenne wy airbnb; nyc airbnb rules; frisco tx airbnb; surprise az airbnb,266,118840
How to Start an Airbnb Business,places similar to airbnb,5400,28,sites similar to airbnb; similar to airbnb; similar websites to airbnb; pages similar to airbnb; site similar to airbnb; similar to airbnb sites; app similar to airbnb; how.to start an airbnb; alternatives to airbnb; how to start airbnb business; how to start an airbnb business; how to start airbnb; how to start an airbnb; how do i start an airbnb; how much do airbnb take; how much does airbnb take; how does the airbnb work; what an airbnb; manage an airbnb; managing an airbnb; how do i become an airbnb host; how to become host airbnb; how to become an airbnb host; how to become host in airbnb; how much airbnb,294,106740
What is Airbnb (Explainer),what is str in real estate,590,13,airbnb what does it stand for; what is an airbnb; what is airbnb; airbnb: what is; what is airbnb inc; what does airbnb stand for; what does airbnb stands for; meaning of airbnb; airbnb meaning; what do airbnb mean; what is a airbnb; what does airbnb mean; what is a str; what does mean airbnb; what is an str; what is str; why is it called airbnb; is vrbo better than airbnb; airbnb stand for; what is airbnb stand for; what airbnb stand for; what is airbnb arbitrage; what is the difference between vrbo and airbnb; what does air in airbnb stand for; what does the air in airbnb stand for,137,90890
Airbnb Reviews Strategy,how to leave airbnb review,3600,30,how to leave a review on airbnb; how to leave a review airbnb; how to leave a review for airbnb; airbnb reviews for guests; review a guest on airbnb; airbnb review of guests; airbnb review guests; airbnb reviews for guest; airbnb reviews guest; guest review airbnb; airbnb review for guest; airbnb reviews on guests; review guest airbnb; review airbnb guest; airbnb review of guest; airbnb reviews guests; airbnb review guest; review for airbnb guest; airbnb guest review; airbnb guests review; airbnb guests reviews; airbnb review for guests; reviews for airbnb guests; guest reviews airbnb; how to write airbnb review,181,76890
STR Property Management Software,guesty reviews airbnb,1300,30,hostfully; property management for airbnb; property management companies for apartments; redding ca property management; redding property management redding ca; redding property management; good property management companies; property management contract sample; property management short term rental; short term let property management; short term rental property management; property management home for rent; property management short term rentals; property management software for airbnb; property management software airbnb; colorado west property management; largest property management companies; biggest property management companies; large property management companies; colorado west property management montrose colorado; vacation property management; yuba city property management; what property management companies do; property management vacation homes; resort property management idaho,200,64210
Airbnb Website Design,airbnb like websites,5400,35,airbnb type websites; airbnb like website; airbnb websites similar; airbnb type website; airbnb similar websites; similar website like airbnb; website similar to airbnb; best airbnb websites; airbnb website builder; build a website like airbnb; how to build a website like airbnb; how to build website like airbnb; airbnb analysis website; airbnb data website; airbnb old website,15,34650
Co-Hosting for Airbnb,what is cohost,260,46,airbnb co hosting; co hosting on airbnb; airbnb co host; co host; co hosts airbnb; co host airbnb; co hosting airbnb; how to become a co host airbnb; how to become an airbnb co host; what is airbnb co hosting; what is an airbnb co host; how to be a co host on airbnb; how to be airbnb co host; co host or cohost; what is a co host; define co host; co hosted or co hosted; co host meaning; what is co host; co host or co host; cohost or co host; what is co hosting; become an airbnb co host; co hosted meaning; co hosting or co hosting,56,30040
Booking.com for Vacation Rental Owners,booking.com and airbnb,880,28,sites for vacation rentals; website for vacation house rentals; property management for rental properties; best website for vacation home rentals; booking.com cancellation policies; booking.com cancellation policy; airbnb booking.com; airbnb and booking.com; host on booking.com; vacation rentals for agents; booking.com genius program; search engines for vacation rentals; rate of return for rental property; booking.com facebook ads; airbnb versus booking.com; booking.com vs airbnb; booking.com holiday homes; booking.com short term rentals; booking.com change reservation; booking.com ratings system; booking.com rating system; booking.com reservation change; reservation software for vacation rentals; keywords for vacation rentals; write review on booking.com,71,24940
Hospitable (Smartbnb) Review & Guide,hospitable pricing,260,16,hospitable; hospitable airbnb; hospitable app; hospitable reviews; what is hospitable; hospitable software; hospitable rentals; hospitable host; is hospitable.com legit; hospitable logo; is hospitable com legit; booking hospitable; hospitable.com reviews; hospitable cost; hospitable phone number,15,24120
Airbnb Pricing Calculator & Tools,airbnb cleaning fee calculator,320,20,airbnb calculator; airbnb calculators; airbnb estimator; airbnb income calculator; airbnb profit calculator; rabbu airbnb calculator; airbnb rental calculator; airbnb estimate income; airbnb host fee calculator; airbnb pricing calculator; airbnb price calculator; airbnb estimate; airbnb revenue calculator; airdna airbnb calculator; free airbnb profit calculator; airbnb rent estimate; free airbnb calculator; airbnb calculator free; airbnb rental estimate; airbnb fees calculator; airbnb pricing changes; airbnb pricing change; airbnb dna calculator; airbnb investment calculator; airbnb revenue estimator,76,21680
Vacation Rental Website Design,vacation rental websites to avoid,50,22,website vacation rentals; home vacation rental websites; vacation rental websites; best website for vacation rentals; best vacation rental websites; vacation rental website; vacation rentals website; vacation rental website builders; vacation rental website builder; build a vacation rental website; vacation rental website design; top vacation rental websites; best vacation rental website builder; best website builder for vacation rentals; vacation rental website templates; vacation rental website template; website rental; create vacation rental website; website builder for vacation rental; website builder for vacation rentals; vacation rental software and website; hospitality website design; best website builder for holiday rentals; holiday rental website builder; vacation rental website software,30,20840
Vacation Rental Revenue Management,short-term rental management,1600,26,rental management companies; rental management company; short term rental management; short term rental management companies; airbnb rental management companies; airbnb rental management company; vacation rental revenue management; revenue management vacation rental; revenue management for vacation rentals; revenue management vacation rentals; airbnb revenue management; revenue management airbnb; airbnb short term rental management; best short term rental management companies; condo rental management companies; luxury rental management; vacasa rental management; condo rental management company; the rental management firm; revenue management for short term rentals; str revenue management,21,19300
Airbnb vs VRBO,vrbo vs airbnb,12100,20,difference between vrbo and airbnb; difference between airbnb and vrbo; sites like airbnb and vrbo; sites like airbnb vrbo; websites like vrbo and airbnb; airbnb vs; websites like airbnb and vrbo; sites like vrbo and airbnb; does airbnb own vrbo; sync airbnb calendar with vrbo; airbnb vrbo calendar sync; sync airbnb and vrbo calendars; sync airbnb and vrbo calendar; vrbo airbnb calendar sync; are airbnb and vrbo the same; vrbo vs; what is vrbo vs airbnb; airbnb vs booking com; airbnb vs booking; booking vs airbnb; air b and b vs vrbo; does vrbo own airbnb; airbnb vrbo competitors; vrbo vs airbnb vs homeaway; airbnb vs homeaway vs vrbo,47,19180
Vacation Rental Property Management,1031 exchange on rental property,590,26,vacation rental property managers; companies to manage rental property; company to manage rental property; short term rental property manager; short term rental property managers; vacation home property manager; vacation property managers; vacation rental property management companies; vacation rental property management software; rate of return on a rental property; vacation rental property management services; average rental property return; average rate of return on rental property; calculate return on rental property; holiday rental property management software; rental property names; short term vacation rental property management; the vacation property group llc; rental property name ideas; good rate of return on rental property; good return on rental property; good rental property return; company that manages rental property; grants to purchase rental property; furnishing a rental property checklist,25,19010
Airbnb Property Management,property manager airbnb,3600,24,airbnb property management; airbnb management companies; airbnb management; airbnb property manager; airbnb property management software; airbnb property management company; airbnb management scottsdale; scottsdale airbnb management; airbnb property management services; best airbnb management companies; airbnb property analysis; how to become an airbnb property manager; airbnb management structure; airbnb property management tool; airbnb management system; airbnb management agreement; airbnb management contract; property type airbnb; best airbnb property management software; airbnb property management system; airbnb rental property management; airbnb property analyzer; airbnb property valuation,23,16550
Cabin & Mountain Rental Marketing,townsend cabin rentals,1900,29,cabin tahoe rental; cabin rental townsend; big sky cabin rental; cabin rentals ky; rental cabins in ct; banner elk cabin rentals; cabin rentals in snowshoe wv; cabin rentals harpers ferry; cabin rentals in ky; ct cabin rental; fredericksburg cabin rentals; cabin rentals tellico plains; cabin rentals in tellico plains; cabin rental business plan; how to start a cabin rental business,15,16290
Email Marketing for Airbnb & Rentals,what airbnb stands for,720,28,hosting for airbnb; airbnb stands for; email airbnb support; airbnb support email; support email airbnb; companies that manage airbnb rentals; becoming a host for airbnb; advice for airbnb hosts; what does the air stand for in airbnb; what does air stand for in airbnb; email customer service airbnb; airbnb customer services email; airbnb tips for host; contact email for airbnb; airbnb email contact; airbnb marketing; email contact airbnb; contact email airbnb; email list rentals; what is the cleaning fee for airbnb; best titles for airbnb; airdna for airbnb; is airbnb worth it for hosts; template airbnb cancellation email; airbnb customer support email,55,15790
Airbnb Superhost Guide,airbnb superhost meaning,210,20,airbnb superhost; superhost; what is a superhost on airbnb; what does superhost mean on airbnb; how to become a superhost on airbnb; what does airbnb superhost mean; superhost airbnb requirements; airbnb superhost requirement; airbnb superhost requirements; what is airbnb superhost; what is an airbnb superhost; superhost airbnb meaning; superhost status airbnb; what is a superhost; airbnb superhost status; what is superhost; superhost meaning airbnb; what is superhost airbnb; how to be airbnb superhost; how to be superhost airbnb; how to be a superhost on airbnb; what is a superhost airbnb; how to become a superhost; superhost requirements; superhost benefits airbnb,60,14790
Vacation Rental Logo Design,logo for airbnb,12100,46,rental logos; meaning of airbnb logo; rental property logos; vacation rental logo; vacation rentals logo; vacation rental logos; airbnb superhost logo; short term rental logo,8,13190
VRBO Owner Guide,what does premier host mean on vrbo,210,19,vrbo owner; vrbo property management; vrbo for property managers; vrbo manager; vrbo management companies; vrbo premier host; airbnb vs vrbo for owners; what is a premier host on vrbo; vrbo channel manager; how does vrbo work for owners; premier host vrbo; vrbo owner cancellation penalty; vrbo management; becoming a vrbo host; become a vrbo host; vrbo refund policy if owner cancels; how to become a host on vrbo; vrbo host requirements; vrbo become a host; what is premier host on vrbo; premier host vrbo meaning; what is a vrbo premier host; vrbo payment options for owners; vrbo premier host but no reviews; vrbo premier host logo,33,13170
How to List on Airbnb,list house on airbnb,1300,24,hosting on airbnb; complaint on airbnb; listing with airbnb; airbnb wish list; how to list with airbnb; how to list on airbnb; statistics on airbnb; listings on airbnb; how do i see my reviews on vrbo; list on vrbo and airbnb; living on airbnb; report on airbnb; best places to list rental property; what is airbnb co listing; how to list house on airbnb; how to list a house on airbnb; how do i see my guest rating on vrbo; how do you see your reviews on vrbo; airbnb host list; how to hide listing on airbnb; how to boost airbnb listing; pre approved on airbnb; pre approval on airbnb; airbnb create listing; airbnb listing examples,73,13140
Airbnb Cleaning & Turnover,airbnb cleaners checklist,880,17,airbnb cleaning charge; airbnb cleaning fee; airbnb cleaning charges; airbnb what is cleaning fee; average airbnb cleaning fee; average cleaning fee on airbnb; average cleaning fee airbnb; airbnb clean fee; airbnb cleaning fees; cleaning fee airbnb; what is an airbnb cleaning fee; what is the airbnb cleaning fee; what is airbnb cleaning fee; vacation rental cleaning checklist; checklist for vacation rental cleaning; airbnb $200 cleaning fee; airbnb cleaning price; how much do airbnb cleaners charge; airbnb cleaning price list; how much is airbnb cleaning fee; airbnb cleaning rates per hour; airbnb cleaning prices; does airbnb charge a cleaning fee; airbnb clean policy; airbnb cleaning costs,62,11750
Rental Arbitrage Guide,rent arbitrage airbnb,590,17,airbnb arbitrage; rental arbitrage; rental arbitrage airbnb; airbnb rental arbitrage; what is rental arbitrage; rental arbitrage meaning; arbitrage airbnb; airbnb arbitrage script; str arbitrage; how to start airbnb arbitrage; airbnb arbitrage definition; airbnb arbitrage properties; rental arbitrage script; rental arbitrage definition; airbnb arbitrage business; is airbnb arbitrage dead; how to airbnb arbitrage; rental arbitrage business; how to do airbnb arbitrage; what is a rental arbitrage; rental arbitrage model; vacation rental arbitrage; how to start rental arbitrage; rental airbnb arbitrage; corporate airbnb arbitrage,27,11280
Airbnb Host Checklist,checklist airbnb,390,16,airbnb as host; become a host airbnb; airbnb find host; airbnb host advice; airbnb become a host; airbnb become host; host airbnb; checklist for airbnb host; airbnb call host; airbnb host checklist; airbnb hosting checklist; host help airbnb; airbnb checklist for host; airbnb checklist for hosts; airbnb host fee change; super host on airbnb; starting an airbnb checklist; airbnb host profile; airbnb host guidebook; host guarantee airbnb; airbnb host guarantee; becoming a airbnb host; airbnb host pros and cons; airbnb host help number; airbnb host page,45,11140
General: Vrbo Related Topics,vrbo fort collins,590,22,vrbo logo; vrbo founded; vrbo like websites; vrbo banner elk; vrbo competitors; vrbo app logo; vrbo number search; vrbo account; vrbo reservation; vrbo guest reviews; vrbo reservation id; vrbo home away; vrbo homeaway; vrbo rating; vrbo reviews examples; vrbo guest ratings; vrbo guest rating; vrbo cancellation protection; vrbo calendar; vrbo germany; vrbo check in time; vrbo search by property id; vrbo logo png; vrbo checkout instructions; vrbo api,84,10100
How Airbnb Works,how does airbnb operate,1900,23,how do airbnb work; how does airbnb work; how does an airbnb work; how does airbnb works for owners; how does airbnb work for owners; airbnb works; how does airbnb work for guests; how does airbnb work for the host; how does airbnb work for hosts; how does a airbnb work; airbnb operations,11,8550
STR Revenue & Income,average roi on rental property,210,18,revenue airbnb; how to determine roi on rental property; airbnb how much can i earn; airbnb profitable; how much can i earn on airbnb; airbnb profit; what is a good roi on rental property; how much can you earn airbnb; how to earn money airbnb; what is a good roi for rental property; average roi for rental property; rental revenue; airbnb potential income; earn money airbnb; how much do you earn from airbnb; is airbnb arbitrage profitable; airbnb profit analysis; how to calculate airbnb income; airbnb roi; roi airbnb; how to estimate airbnb income; calculate airbnb income; airbnb potential earnings; is owning an airbnb profitable; airbnb earning potential,50,8370
General: Str Related Topics,str life,590,14,str meaning; str real estate; str definition; str meaning real estate; str real estate meaning; str stands for; str in real estate; str abbreviation; str acronym; str industry; str home; str websites; str house; str hosting; str specialist; str host; str owner; str owners; str statistics; str platform; str meaning in real estate; str trend; str rental meaning; str location; str listing,30,7510
General: Other Related Topics,other websites like airbnb,5400,46,other like airbnb; other sites like airbnb; other companies like airbnb; other rental sites like airbnb; other services like airbnb; other home rental sites besides airbnb; other things like airbnb; other apps besides airbnb,8,7130
General: Seo Related Topics,seo for hospitality,210,31,seo strategies; seo and ppc strategies; seo strategies 2021; seo strategies pro,4,7080
Channel Management for Rentals,airbnb channel management,390,19,short term rentals management; channel manager airbnb; channel manager for vacation rentals; vacation rentals channel manager; airbnb channel manager; channel manager booking airbnb; expedia channel manager; channel manager airbnb booking; booking.com channel manager; channel manager booking.com; channel manager for booking.com; channel manager for booking com; best channel manager for vacation rentals; short term rental channel manager; channel manager and pms; pms channel manager; channel manager for pms; channel manager alquiler vacacional; best channel manager for airbnb; channel manager vrbo; booking airbnb channel manager; channel manager comparison; meilleur channel manager location saisonnière; channel manager airbnb booking.com; channel manager for serviced apartments,36,6460
STR Regulations & Permits,airbnb legality nyc,1000,28,nyc airbnb law; airbnb in nyc legal; nyc airbnb laws; airbnb laws in nyc; airbnb laws nyc; is airbnb arbitrage legal; is rental arbitrage legal,7,5880
Airbnb Insurance & Liability,airbnb insurance for hosts,590,29,vacation rental insurance coverage; vacation rental insurance; airbnb insurance for host; airbnb host insurance; insurance for airbnb rentals; proper insurance airbnb; airbnb host liability insurance; airbnb host protection insurance; airbnb host damage protection; host protection insurance airbnb; host liability insurance; vacation rental insurance for owners; vacation rental damage insurance; damage insurance for vacation rentals; host protection airbnb; proper insurance short term rentals; airbnb host protection; airbnb protection for hosts; host liability insurance for airbnb; host insurance; does airbnb have insurance for guests; insurance airbnb; vacation rental damage protection insurance; does airbnb provide insurance for hosts; does airbnb have insurance for hosts,37,5710
General: What Related Topics,what does str mean in real estate,260,16,what are str's; what does str stand for; what does inventory turnover ratio tell you; what str; what percentage does vrbo take; what does inventory turnover show; what does the inventory turnover ratio mean; what does inventory turnover ratio mean; what does ota stand for in travel; what does inventory turnover measure; what are str's in real estate; what does str stand for in real estate; what does a high inventory turnover ratio mean; what does the inventory turnover ratio measure; what does high inventory turnover mean; what does ota mean in hotel's; what does ota mean in hotels; what does a low inventory turnover ratio mean; what does the inventory turnover ratio tell us; what does inventory turnover tell you; what does low inventory turnover mean; what str means; what does ota stand for in hotel,23,5700
Hospitality Marketing,hospitality pr agency,210,48,hospitality marketing agency; marketing agency hospitality; hospitality marketing company; hospitality marketing companies; hospitality digital marketing agency; digital marketing agency hospitality; digital marketing agency for hospitality; hospitality digital marketing agencies; hospitality digital marketing; hospitality social media agency; hospitality marketing firms; hospitality marketing firm; ad agency hospitality; hospitality advertising agency; hospitality internet marketing; social media in hospitality marketing; hospitality social media marketing,17,5390
Vacation Rental Market Research Tools,airbnb tools for hosts,260,17,airbnb data; airbnb pricing tool; airbnb analytics; airbnb research tools; airbnb tools; short term rental data; airbnb rental data; airbnb analysis tool; airbnb analysis tools; best airbnb pricing tools; airbnb analytics tools; vacation rental data; best short term rental analytics; airbnb analytics tool; airbnb data analytics; airbnb analytics for hosts; best airbnb analytics tool; vacation rental analytics; free airbnb analytics; how to get airbnb data; free airbnb data; airbnb rental analytics; best airbnb tools; short term rental pricing tools; vrbo rental data,46,4830
Wheelhouse & Beyond Pricing,wheelhouse pricing,320,18,beyond pricing; wheelhouse review; wheelhouse airbnb; beyond pricing airbnb; wheelhouse software; wheelhouse property management; wheelhouse revenue management; wheelhouse airbnb pricing; wheelhouse app; wheelhouse rental; wheelhouse rentals,11,4560
General: Short Related Topics,short term rental book,90,30,short term rental agencies; short term rentals companies; short term rental companies; short term rentals company; short term rental manager; short term rental agents; short term rental statistics; short term rentals book; short term rental calendar; short term rental course; short term rental courses; short term rental advertising; short term rental association; short term rental sites like airbnb; short term rental supplies; short term rental automation,16,4540
General: Rental Related Topics,rental apps like airbnb,70,30,rental managers; rental like airbnb; rental sites like airbnb; rental websites templates; rental companies like airbnb; rental homes like airbnb; rental places like airbnb; rental and realty group reviews; rental houses like airbnb,9,3690
Airbnb Automation & Workflows,airbnb automated,2900,37,airbnb automated messages; airbnb automations; airbnb automated course; airbnb united airlines; airbnb automation tools; why is an airbnb called an airbnb,6,3670
How to List on VRBO,similar sites to vrbo,590,22,how do i cancel my vrbo reservation; how do i contact vrbo; booking on vrbo; how to list on vrbo; list property on vrbo; how do i see my vrbo guest rating; leave review on vrbo; write review on vrbo; write a review on vrbo; leave a review on vrbo; can you split payment on vrbo; where do i see my reviews on vrbo; can you split payments on vrbo; where do i find my reviews on vrbo; how does vrbo work for guests; how do i see my vrbo rating; how long has vrbo been around; competitor to vrbo; does vrbo do background checks on guests; vrbo request to book; can i see my rating on vrbo; how can i see my vrbo rating,22,3490
Beach House Rental Marketing,house rental apps like airbnb,70,35,airbnb fernandina beach fl; ormond beach fl airbnb; airbnb deerfield beach fl; deerfield beach fl airbnb; airbnb redondo beach; house rental sites like airbnb; house rental websites like airbnb,7,3480
Occupancy Rate Optimization,occupancy rate airbnb,720,37,airbnb occupancy rate; average airbnb occupancy rates; average airbnb occupancy rate; airbnb occupancy rates by city; airbnb occupancy rate by city; what is a good occupancy rate for airbnb; average airbnb occupancy rates by city; what is the average occupancy rate for airbnb; airbnb occupancy rate data; vacation rental occupancy rates; how to check occupancy rate on airbnb; what is the average airbnb occupancy rate; how to find airbnb occupancy rates; how to check airbnb occupancy rate; vrbo occupancy rates; average rental occupancy rate; average vrbo occupancy rate; free airbnb occupancy rate data; average vacation rental occupancy rate; typical occupancy rate airbnb; what is a good airbnb occupancy rate; how to increase occupancy rate airbnb,22,3050
General: Inventory Related Topics,inventory turnover ratio definition,390,26,inventory turnover ratio explanation; inventory turnover ratio explained; inventory turnover ratio meaning; inventory turnover ratio interpretation; inventory turnover means; inventory turnover meaning; inventory turnover better high or low; inventory turnover higher or lower better; inventory turnover ratio average; inventory turnover ratio average by industry; inventory turnover interpretation; inventory turnover is a way to evaluate; inventory turnover ratio low; inventory turnover is defined as,14,2860
Airbnb Sorting by Price,airbnb sort by price,260,30,airbnb sorting by price; sort by price airbnb; sort airbnb by price; airbnb filter by price; search airbnb by keyword; how to sort by price airbnb; how to sort by price on airbnb; smart price airbnb; are airbnb and vrbo owned by the same company; are vrbo and airbnb owned by the same company; airbnb price tracker; price tips airbnb; can you sort airbnb by price; price lab airbnb; airbnb price negotiation; airbnb step by step; negotiate price airbnb; airbnb how to sort by price; airbnb rental statistics by city; airbnb price comparison,20,2700
Airbnb Business Naming,starting airbnb business,590,29,starting an airbnb business; how to get into airbnb business; how to get into the airbnb business; airbnb name generator; how to set up an airbnb business; run airbnb business; how to run an airbnb business; airbnb business name; airbnb business names; unique airbnb names ideas; how to automate airbnb business; what type of business is airbnb; best airbnb names; airbnb business strategies; how to run a airbnb business; getting into airbnb business; why airbnb name; airbnb business name ideas; how to build an airbnb business; airbnb short term rental business,20,2660
PriceLabs Guide,pricelabs airbnb,590,17,pricelabs pricing; pricelabs reviews; airdna vs pricelabs; pricelabs vs beyond pricing; pricelabs company; beyond pricing vs pricelabs; pricelabs vs airdna; pricelabs app; pricelabs vs wheelhouse; wheelhouse vs pricelabs; what is pricelabs; how much is pricelabs; pricelabs inc; pricelabs phone number; is pricelabs worth it; how much does pricelabs cost; pricelabs competitors; pricelabs listing optimizer; pricelabs vs airbnb smart pricing; airbnb smart pricing vs pricelabs; pricelabs training; does pricelabs have an app,22,2280
Airbnb Branding & Brand Guidelines,airbnb brand color,70,15,branding airbnb; airbnb branding; airbnb brand; airbnb brand guidelines; brand guidelines airbnb; airbnb branding guidelines; airbnb brand guide; airbnb brand guidelines pdf; airbnb brand book,9,1930
Airbnb Hosting Tips for Beginners,airbnb hosting tips,390,27,hosting airbnb tips; hosting airbnb; about airbnb hosting; airbnb hosting help; airbnb guest tips; airbnb tips guest; airbnb hosting help number; airbnb hosting page; airbnb hosting resources; airbnb host tips for beginners; airbnb hosting calendar; airbnb hosting for beginners; airbnb hosting standards,13,1910
Airbnb Cover Photo & Photos,airbnb picture size,90,19,airbnb images; airbnb image; photo size for airbnb; airbnb photo requirements; best airbnb photos; tips for airbnb photos; airbnb photos tips; airbnb photography tips; airbnb photo tips; how to take airbnb photos; airbnb photos ideas; airbnb experience photography; how to change photo on airbnb; how to change airbnb photo,14,1860
General: Who Related Topics,who own vrbo,1300,31,who competes with airbnb; who is airbnb's competition; who are airbnb competitors; who are airbnb's competitors; who str; who are airbnb; who is airbnb's biggest competition; who started vrbo; who is airbnb's biggest competitor,9,1820
Airbnb Automated Messages,airbnb message template,210,15,automated airbnb messages; airbnb message templates; airbnb messages templates; airbnb template messages; vrbo automated messages; airbnb scheduled messages; delete messages airbnb,7,1470
General: Why Related Topics,why called airbnb,1300,38,why airbnb; why doesn't airbnb show address; why did airbnb remove categories; why did airbnb take away categories,4,1460
General: Villa Related Topics,villa cortina,720,18,villa maca; villa agencies; villa agency; villa agents; villa companies; villa rental company; villa and homes marriott; villa brands; villa branding; villa corina; villa away; villa advertisement,12,1400
Guest Review Templates & Responses,vrbo review examples,90,23,guest review examples; guest review sample; vrbo guest review; how to see guest review on vrbo; how to respond to reviews on airbnb; host review examples; how do i see my guest review on vrbo; how to see your guest review on vrbo; vacation rental review examples; vrbo guest review examples; respond to reviews airbnb; how to see my guest review on vrbo,12,1390
Vacation Rental Blog Strategy,airbnb blogs,260,28,airbnb blogger; airbnb bloggers; blog airbnb; airbnb blog; airbnb design blog,5,1330
Social Media Marketing for Rentals,social media in hospitality industry,70,29,social media marketing in the hospitality industry; social media marketing for hospitality; social media airbnb; airbnb and social media; airbnb social media; social media for hospitality; social media hospitality industry; hospitality and social media; social media in the hospitality industry; social media hospitality; social media in hospitality; social media and hospitality; hospitality industry social media; social media and the hospitality industry; social media marketing for airbnb; social media marketing for vacation rentals; social media strategy for hotels; social media strategies for hotels; social media strategy hotel; hotel social media strategy,20,1320
Smart Locks & Keyless Entry for Airbnb,smart lock for rental property,140,19,best smart lock for airbnb; lock for airbnb; smart locks for rental property; best smart lock for rental property; best smart locks for rental property,5,1290
General: Ota Related Topics,ota airbnb,50,18,ota hotel; ota meaning in hotel; ota abbreviation; ota booking; ota meaning in travel; ota booking meaning; ota in travel; ota commission; ota commissions; ota reservation; ota bookings; ota meaning travel; ota rate meaning,13,1290
Airbnb Wish List Guide,wish list airbnb,390,26,airbnb wishlists; airbnb wishlist; how to share airbnb wishlist; share airbnb wishlist; airbnb share wishlist,5,1280
General: Hospitality Related Topics,hospitality latest trends,110,40,hospitality trends; hospitality pr; hospitality pr agencies; hospitality current trends; hospitality new trends; hospitality advertising agencies,6,1240
General: Booking Related Topics,booking airbnb kalender synchronisieren,90,17,booking com airbnb; booking com ota; booking sites like airbnb; booking process airbnb,4,1230
Best Amenities for Airbnb,airbnb amenity list,390,29,airbnb amenities list; best airbnb titles; best airbnb sites; airbnb amenities checklist; best amenities for airbnb; best airbnb descriptions; top amenities for airbnb; best airbnb spreadsheet; best sites like airbnb; best websites like airbnb,10,1210
Airbnb Marketing Strategy,full-funnel marketing strategy,210,22,full funnel marketing strategy; airbnb marketing strategy; viral marketing strategy; marketing strategy certifications; conference marketing strategy; airbnb marketing tools; airbnb market research tool; seasonal marketing strategy; hyperlocal marketing strategy; google analytics marketing strategy; resort marketing strategy; sales funnel marketing strategy,12,1200
Noise Monitoring & Security for Rentals,noise monitoring device airbnb,210,19,noise detector airbnb; noise decibel monitor airbnb; noise monitoring device for airbnb; noise sensor airbnb; noise monitor airbnb; noise monitoring for airbnb; noise monitor for airbnb; noise monitoring airbnb; airbnb noise detector,9,1130
VRBO SEO & Marketing,vrbo marketing strategy,70,23,seo marketing strategies; vrbo market cap; vrbo market analysis; vrbo vs airbnb market share; vrbo market maker,5,1090
Airbnb Listing Optimization (Complete Guide),airbnb listing optimization services,210,15,airbnb listing optimization; airbnb listing optimization service; delete listing from airbnb; new listing promotion airbnb; edit listing airbnb; my listing airbnb; manage listing airbnb; deactivate listing airbnb,8,1060
Wedding Venue Marketing for Villas,wedding venue marketing,320,26,advertising wedding venues; wedding venue ad; wedding venue website design; wedding venue marketing agency; wedding venue website template; crooked willow wedding venue; wedding venue marketing plan; wedding venue marketing strategy,8,990
Airbnb Title Optimization,airbnb title,390,20,catchy airbnb titles examples; best airbnb title; airbnb listing title examples; airbnb title generator; airbnb optimization,5,980
VRBO Listing Optimization,search vrbo listing number,320,22,search vrbo by listing number; listing property on vrbo; vrbo listing number search; cost of vrbo listing; how to set up a vrbo listing; do airbnb and vrbo have the same listings; listing on airbnb and vrbo,7,940
Airbnb SEO Strategy,airbnb seo,260,25,seo airbnb; airbnb seo services; seo strategy 2021; seo growth strategy; airbnb seo tools; airbnb seo strategy; airbnb seo keywords,7,920
RankBreeze & Airbnb Ranking Tools,rankbreeze,880,31,rankbreeze reviews,1,920
General: Does Related Topics,does airbnb allow pets,260,19,does airbnb have a loyalty program; does vrbo accept amex; does vrbo accept american express; does vrbo take amex; does vrbo rate guests; does vrbo require id; does airbnb do black friday,7,850
Vacation Rental Marketing Agency,vacation rental marketing agency,50,27,vacation rental agency; property management marketing agency; vacation rental marketing company,3,840
Airbnb Interior Design & Furnishing,airbnb interior design,210,19,interior design airbnb; airbnb new design; new airbnb design; vacation rental design; airbnb interior design service; airbnb interior; airbnb interiors,7,740
Airbnb Amenities List & Checklist,airbnb list of amenities,480,31,rental amenities; vacation rental amenities; top airbnb amenities; luxury vacation rental amenities,4,700
Vacation Rental Description Examples,vacation rental description examples,480,17,rental listing description examples; rental property description examples; rental property description,3,670
General: Is Related Topics,is homeaway the same as vrbo,210,27,is vrbo and homeaway the same; is higher inventory turnover better; is home away vrbo; is homeaway vrbo; is inventory turnover a liquidity ratio; is a vrbo a good investment,6,670
Airbnb Conversion Rate Optimization,airbnb conversion rate,50,22,airbnb rate changes; rate airbnb; booking rate airbnb; airbnb conversion rates; average booking rate on airbnb; does airbnb rate guests,6,630
Airbnb Pricing Strategy,airbnb pricing strategies,210,25,airbnb pricing strategy; airbnb pricing tips; airbnb price tips; airbnb price optimization; airbnb pricing optimization,5,600
Airbnb Description Writing,airbnb description generator,70,14,airbnb description; airbnb description examples; best airbnb description; best description for airbnb; airbnb host description example; airbnb host description examples; airbnb listing description; airbnb host job description,8,550
Vacation Rental Consultant,airbnb consultation,210,14,short term rental consultants; vacation rental consulting; vacation rental consultants; vacation rental consultant; airbnb consulting services,5,450
Airbnb Search Ranking Factors,improve airbnb search ranking,30,18,airbnb ranking; ranking airbnb; airbnb rankings; airbnb rank; airbnb search engine; advanced search airbnb; airbnb advanced search; airbnb search rank; airbnb search ranking; search airbnb profiles,10,450
General: Ai Related Topics,ai hosting,210,51,ai strategy framework; ai hosting services; ai models hosting; ai strategy template,4,450
ADR & RevPAR for Rentals,what is adr in hospitality,50,21,adr in hospitality; adr hospitality; adr rental; adr meaning hospitality; airbnb adr,5,390
General: Turno Related Topics,turno reviews,210,38,turno app reviews; turno for cleaners reviews; turno cleaner marketplace; turno review; turno background check,5,390
Guest Welcome & Check-in Experience,airbnb host gift,50,17,what to do with luggage before check in airbnb; gift for airbnb host; airbnb host gifts; what to do with luggage before airbnb check in; airbnb love gift; airbnb gift ideas; airbnb host gift ideas,7,360
STR Marketing Services,short term rental marketing,50,22,short term rental marketplace; short term rental market data,2,350
Vacation Rental Website Builders,rental website templates,70,28,short term rental website builder; rental website template; rental website builder; rental property website builder,4,330
Airbnb Marketing Agency,airbnb marketing services,70,21,airbnb agency; airbnb marketing agency; airbnb ad agency; airbnb advertising agency,4,330
Dynamic Pricing for Vacation Rentals,wheelhouse dynamic pricing,50,19,airbnb dynamic pricing tool; vacation rental dynamic pricing; pricelabs dynamic pricing; dynamic pricing vacation rentals; does airbnb use dynamic pricing; dynamic pricing software for vacation rentals; dynamic pricing for vacation rentals,7,320
Holiday Rental WordPress Themes,holiday rental wordpress theme,70,14,vacation rental wordpress theme; vacation rental theme wordpress; holiday rental booking system; holiday rental agencies; holiday rental companies,5,320
Vacation Rental Investment,vacation rental return on investment,30,23,vacation rental purchase; best vacation rental investments; how to invest in short term rentals; return on investment formula rental property; calculate return on investment rental property,5,300
General: My Related Topics,my vrbo reservation,70,29,my vrbo; my airbnb rating; my vrbo reservation number; my vrbo rating; my vrbo reviews; my vrbo guest rating,6,300
Airbnb Cancellation & Refund Policy,vrbo relaxed cancellation policy,40,29,last minute airbnb cancellations; airbnb guest insurance policy; airbnb insurance policy for guests; airbnb insurance policy for hosts; airbnb host insurance policy,5,290
How to Market Your Airbnb,how to market your airbnb,40,30,airbnb market finder; starting your own airbnb; optimize your airbnb; how to market airbnb,4,250
STR LLC & Business Structure,vacation rental brands llc,70,22,str business; rental connect llc,2,250
Yield Management for STRs,yield pricing strategy,30,25,yield management in hospitality industry; yield management strategy; yield management strategies,3,240
Vacation Rental SEO,seo for vacation rentals,110,29,vacation rental seo,1,220
General: Turnoverbnb Related Topics,turnoverbnb cleaner app,30,30,turnoverbnb app; turnoverbnb cleaner; turnoverbnb review; turnoverbnb reviews,4,220
Direct Booking Strategy for Rentals,hospitable direct booking,50,14,direct booking website for short term rental; how to increase hotel direct booking; guesty direct booking website,3,180
Event Marketing for Vacation Rentals,cozy cactus a country inn and event venue,170,23,,0,170
Guest Communication Best Practices,airbnb guest message template,90,14,airbnb guest communication,1,160
Airbnb Search Algorithm,airbnb algorithm 2025,40,10,airbnb algorithm; airbnb pricing algorithm,2,160
Direct Booking Website for STRs,website builder for property management,90,36,create your own vacation rental website,1,140
Glamping & Unique Stays,unique rental property names,90,20,unique rental property names with meaning,1,130
High-End Rental Positioning,luxury toiletries for airbnb,40,13,luxury names for airbnb business; luxury airbnb alternative; luxury airbnb alternatives,3,130
Airbnb Luxe Requirements,airbnb luxe requirements,70,13,what is airbnb luxe,1,110
VRBO Pricing & Fees,vrbo dynamic pricing,40,24,vrbo vs airbnb pricing; vrbo vs airbnb price,2,100
Guest Experience & Satisfaction,guest experience cycle,70,39,,0,70
Airbnb Target Market & Audience,airbnb target market,70,33,,0,70
Villa Booking Software,villa booking software,70,55,,0,70
