Priority Rank,Article Topic,Master Keyword,Master Volume,SEO Difficulty,Total Cluster Volume,Secondary Count,Priority Score
1,Vacation Rental Marketing (Complete Guide),advertise vacation rental,210,15,129720,187,88.0
2,Airbnb Pricing Calculator & Tools,airbnb cleaning fee calculator,320,20,21680,76,88.0
3,Airbnb Superhost Guide,airbnb superhost meaning,210,20,14790,60,88.0
4,What is Airbnb (Explainer),what is str in real estate,590,13,90890,137,88.0
5,Airbnb Host Checklist,checklist airbnb,390,16,11140,45,88.0
6,Hospitable (Smartbnb) Review & Guide,hospitable pricing,260,16,24120,15,88.0
7,Airbnb Cleaning & Turnover,airbnb cleaners checklist,880,17,11750,62,88.0
8,VRBO Owner Guide,what does premier host mean on vrbo,210,19,13170,33,88.0
9,Airbnb vs VRBO,vrbo vs airbnb,12100,20,19180,47,88.0
10,Rental Arbitrage Guide,rent arbitrage airbnb,590,17,11280,27,88.0
11,Vacation Rental Market Research Tools,airbnb tools for hosts,260,17,4830,46,82.8
12,STR Revenue & Income,average roi on rental property,210,18,8370,50,82.8
13,Channel Management for Rentals,airbnb channel management,390,19,6460,36,82.8
14,General: What Related Topics,what does str mean in real estate,260,16,5700,23,82.8
15,General: Str Related Topics,str life,590,14,7510,30,82.8
16,Airbnb Reviews Strategy,how to leave airbnb review,3600,30,76890,181,81.0
17,Booking.com for Vacation Rental Owners,booking.com and airbnb,880,28,24940,71,81.0
18,Vacation Rental Website Design,vacation rental websites to avoid,50,22,20840,30,81.0
19,Facebook Ads for Vacation Rentals,nola vacation rentals,2900,24,191570,183,81.0
20,How to Start an Airbnb Business,places similar to airbnb,5400,28,106740,294,81.0
21,Cabin & Mountain Rental Marketing,townsend cabin rentals,1900,29,16290,15,81.0
22,STR Property Management Software,guesty reviews airbnb,1300,30,64210,200,81.0
23,Email Marketing for Airbnb & Rentals,what airbnb stands for,720,28,15790,55,81.0
24,Airbnb Customer Service & Contact,airbnb host support,1000,29,147700,84,81.0
25,Vacation Rental Revenue Management,short-term rental management,1600,26,19300,21,81.0
26,Airbnb Property Management,property manager airbnb,3600,24,16550,23,81.0
27,How to List on Airbnb,list house on airbnb,1300,24,13140,73,81.0
28,Vacation Rental Property Management,1031 exchange on rental property,590,26,19010,25,81.0
29,General: Vrbo Related Topics,vrbo fort collins,590,22,10100,84,81.0
30,Miscellaneous STR Topics,get in touch with airbnb,2400,30,118840,266,81.0
31,General: Airbnb Related Topics,airbnb similar pages,5400,28,125010,239,81.0
32,Wheelhouse & Beyond Pricing,wheelhouse pricing,320,18,4560,11,78.0
33,Airbnb Website Design,airbnb like websites,5400,35,34650,15,75.8
34,Airbnb Insurance & Liability,airbnb insurance for hosts,590,29,5710,37,75.8
35,PriceLabs Guide,pricelabs airbnb,590,17,2280,22,75.8
36,How to List on VRBO,similar sites to vrbo,590,22,3490,22,75.8
37,General: Short Related Topics,short term rental book,90,30,4540,16,75.8
38,Airbnb Cover Photo & Photos,airbnb picture size,90,19,1860,14,74.5
39,General: Ota Related Topics,ota airbnb,50,18,1290,13,73.3
40,General: Villa Related Topics,villa cortina,720,18,1400,12,72.2
41,How Airbnb Works,how does airbnb operate,1900,23,8550,11,71.0
42,Occupancy Rate Optimization,occupancy rate airbnb,720,37,3050,22,70.5
43,Airbnb Business Naming,starting airbnb business,590,29,2660,20,68.8
44,Social Media Marketing for Rentals,social media in hospitality industry,70,29,1320,20,68.8
45,Airbnb Sorting by Price,airbnb sort by price,260,30,2700,20,68.8
46,Co-Hosting for Airbnb,what is cohost,260,46,30040,56,68.8
47,Airbnb Branding & Brand Guidelines,airbnb brand color,70,15,1930,9,68.5
48,Noise Monitoring & Security for Rentals,noise monitoring device airbnb,210,19,1130,9,68.5
49,General: Rental Related Topics,rental apps like airbnb,70,30,3690,9,68.5
50,General: Inventory Related Topics,inventory turnover ratio definition,390,26,2860,14,67.5
51,Airbnb Listing Optimization (Complete Guide),airbnb listing optimization services,210,15,1060,8,67.3
52,Airbnb Hosting Tips for Beginners,airbnb hosting tips,390,27,1910,13,66.3
53,Airbnb Automated Messages,airbnb message template,210,15,1470,7,66.2
54,STR Regulations & Permits,airbnb legality nyc,1000,28,5880,7,66.2
55,Guest Review Templates & Responses,vrbo review examples,90,23,1390,12,65.2
56,Airbnb Marketing Strategy,full-funnel marketing strategy,210,22,1200,12,65.2
57,Smart Locks & Keyless Entry for Airbnb,smart lock for rental property,140,19,1290,5,63.8
58,Hospitality Marketing,hospitality pr agency,210,48,5390,17,63.5
59,Best Amenities for Airbnb,airbnb amenity list,390,29,1210,10,62.8
60,Airbnb Search Ranking Factors,improve airbnb search ranking,30,18,450,10,62.8
61,General: Booking Related Topics,booking airbnb kalender synchronisieren,90,17,1230,4,62.5
62,Beach House Rental Marketing,house rental apps like airbnb,70,35,3480,7,60.9
63,Airbnb Description Writing,airbnb description generator,70,14,550,8,60.4
64,Vacation Rental Logo Design,logo for airbnb,12100,46,13190,8,60.4
65,Airbnb Automation & Workflows,airbnb automated,2900,37,3670,6,59.7
66,Airbnb Interior Design & Furnishing,airbnb interior design,210,19,740,7,59.1
67,Guest Welcome & Check-in Experience,airbnb host gift,50,17,360,7,59.1
68,Dynamic Pricing for Vacation Rentals,wheelhouse dynamic pricing,50,19,320,7,59.1
69,General: Does Related Topics,does airbnb allow pets,260,19,850,7,59.1
70,General: Seo Related Topics,seo for hospitality,210,31,7080,4,57.3
71,Airbnb Title Optimization,airbnb title,390,20,980,5,56.8
72,Vacation Rental Consultant,airbnb consultation,210,14,450,5,56.8
73,VRBO SEO & Marketing,vrbo marketing strategy,70,23,1090,5,56.8
74,Airbnb Wish List Guide,wish list airbnb,390,26,1280,5,56.8
75,Vacation Rental Blog Strategy,airbnb blogs,260,28,1330,5,56.8
76,Holiday Rental WordPress Themes,holiday rental wordpress theme,70,14,320,5,56.8
77,General: Who Related Topics,who own vrbo,1300,31,1820,9,56.3
78,General: Other Related Topics,other websites like airbnb,5400,46,7130,8,55.1
79,Vacation Rental Description Examples,vacation rental description examples,480,17,670,3,54.4
80,Wedding Venue Marketing for Villas,wedding venue marketing,320,26,990,8,53.4
81,General: Hospitality Related Topics,hospitality latest trends,110,40,1240,6,52.7
82,Airbnb SEO Strategy,airbnb seo,260,25,920,7,52.1
83,VRBO Listing Optimization,search vrbo listing number,320,22,940,7,52.1
84,Airbnb Conversion Rate Optimization,airbnb conversion rate,50,22,630,6,51.0
85,General: Is Related Topics,is homeaway the same as vrbo,210,27,670,6,51.0
86,General: My Related Topics,my vrbo reservation,70,29,300,6,51.0
87,General: Why Related Topics,why called airbnb,1300,38,1460,4,50.3
88,ADR & RevPAR for Rentals,what is adr in hospitality,50,21,390,5,49.8
89,Airbnb Pricing Strategy,airbnb pricing strategies,210,25,600,5,49.8
90,Vacation Rental Investment,vacation rental return on investment,30,23,300,5,49.8
91,Direct Booking Strategy for Rentals,hospitable direct booking,50,14,180,3,49.1
92,High-End Rental Positioning,luxury toiletries for airbnb,40,13,130,3,49.1
93,Vacation Rental Website Builders,rental website templates,70,28,330,4,48.5
94,Airbnb Marketing Agency,airbnb marketing services,70,21,330,4,48.5
95,Airbnb Search Algorithm,airbnb algorithm 2025,40,10,160,2,47.9
96,Vacation Rental Marketing Agency,vacation rental marketing agency,50,27,840,3,47.4
97,Glamping & Unique Stays,unique rental property names,90,20,130,1,46.7
98,Guest Communication Best Practices,airbnb guest message template,90,14,160,1,46.7
99,Airbnb Luxe Requirements,airbnb luxe requirements,70,13,110,1,46.7
100,STR Marketing Services,short term rental marketing,50,22,350,2,46.1
101,Airbnb Cancellation & Refund Policy,vrbo relaxed cancellation policy,40,29,290,5,44.5
102,General: Turno Related Topics,turno reviews,210,38,390,5,44.5
103,Airbnb Amenities List & Checklist,airbnb list of amenities,480,31,700,4,43.3
104,How to Market Your Airbnb,how to market your airbnb,40,30,250,4,43.3
105,General: Turnoverbnb Related Topics,turnoverbnb cleaner app,30,30,220,4,43.3
106,Yield Management for STRs,yield pricing strategy,30,25,240,3,42.1
107,STR LLC & Business Structure,vacation rental brands llc,70,22,250,2,40.9
108,VRBO Pricing & Fees,vrbo dynamic pricing,40,24,100,2,40.9
109,Vacation Rental SEO,seo for vacation rentals,110,29,220,1,39.7
110,RankBreeze & Airbnb Ranking Tools,rankbreeze,880,31,920,1,39.7
111,Event Marketing for Vacation Rentals,cozy cactus a country inn and event venue,170,23,170,0,38.5
112,Direct Booking Website for STRs,website builder for property management,90,36,140,1,34.5
113,Guest Experience & Satisfaction,guest experience cycle,70,39,70,0,33.2
114,Airbnb Target Market & Audience,airbnb target market,70,33,70,0,33.2
115,General: Ai Related Topics,ai hosting,210,51,450,4,29.3
116,Villa Booking Software,villa booking software,70,55,70,0,19.2
